step,temp,press,pe,etotal,vol,density,lx,ly,lz,xz
500,196.776522535905,6834.54419674121,-338316.681603798,-291392.993278908,759093.048138747,1.32271197378667,70.939,92.625,115.52653057,-15.56231458
1000,278.490443747307,5629.1848054611,-322932.651990172,-256523.313033211,759093.048138747,1.32271197378667,70.939,92.625,115.52653057,-15.56231458
1500,314.708375451621,8531.64346413153,-313273.101552121,-238227.16856878,759093.048138747,1.32271197378667,70.939,92.625,115.52653057,-15.56231458
2000,304.350725356428,7952.15446817782,-311845.40562181,-239269.376764132,759093.048138747,1.32271197378667,70.939,92.625,115.52653057,-15.56231458
2500,296.60353854427,6831.61451787702,-311866.350144672,-241137.729578815,759093.048138747,1.32271197378667,70.939,92.625,115.52653057,-15.56231458
3000,299.202518501945,7242.20527408053,-312989.933906799,-241641.555841801,759093.048138747,1.32271197378667,70.939,92.625,115.52653057,-15.56231458
3500,301.676759468948,7215.96087270636,-312338.534240717,-240400.144163716,759093.048138747,1.32271197378667,70.939,92.625,115.52653057,-15.56231458
4000,301.667164689688,7335.84649437776,-311653.064018468,-239716.961930022,759093.048138747,1.32271197378667,70.939,92.625,115.52653057,-15.56231458
4500,300.552577139898,7752.39044069599,-311863.616439864,-240193.300930646,759093.048138747,1.32271197378667,70.939,92.625,115.52653057,-15.56231458
5000,298.708886018386,8173.04784346301,-312459.534834664,-241228.869271681,759093.048138747,1.32271197378667,70.939,92.625,115.52653057,-15.56231458
5500,297.896066913799,7612.53169603636,-312353.329245019,-241316.49000764,759093.048138747,1.32271197378667,70.939,92.625,115.52653057,-15.56231458
6000,299.744846293746,7085.80089498055,-311865.734473738,-240388.03193474,759093.048138747,1.32271197378667,70.939,92.625,115.52653057,-15.56231458
6500,301.713204373151,7250.75591156561,-311768.146336041,-239821.065540737,759093.048138747,1.32271197378667,70.939,92.625,115.52653057,-15.56231458
7000,301.67457030427,7379.11273508481,-312240.756778127,-240302.888733326,759093.048138747,1.32271197378667,70.939,92.625,115.52653057,-15.56231458
7500,299.352770811933,7355.18442008271,-312462.886751222,-241078.679246445,759093.048138747,1.32271197378667,70.939,92.625,115.52653057,-15.56231458
8000,298.839758678447,7690.58100041391,-312216.285926705,-240954.412230598,759093.048138747,1.32271197378667,70.939,92.625,115.52653057,-15.56231458
8500,299.795012803463,7705.9756477531,-311910.61614274,-240420.950806372,759093.048138747,1.32271197378667,70.939,92.625,115.52653057,-15.56231458
9000,301.136154876832,7470.01525363755,-311903.384532766,-240093.908012425,759093.048138747,1.32271197378667,70.939,92.625,115.52653057,-15.56231458
9500,300.452042595985,7363.95225138875,-312000.958198353,-240354.61633977,759093.048138747,1.32271197378667,70.939,92.625,115.52653057,-15.56231458
10000,299.906709474135,7269.34022946237,-312022.942730559,-240506.642002458,759093.048138747,1.32271197378667,70.939,92.625,115.52653057,-15.56231458
10500,299.355206153362,6934.46444158807,-312019.197707381,-240634.409466647,759093.048138747,1.32271197378667,70.939,92.625,115.52653057,-15.56231458
11000,299.776765311282,7483.53881157528,-312082.003842099,-240596.689835985,759093.048138747,1.32271197378667,70.939,92.625,115.52653057,-15.56231458
11500,299.915265842062,7236.50690349618,-312002.292222783,-240483.951127587,759093.048138747,1.32271197378667,70.939,92.625,115.52653057,-15.56231458
12000,300.081798502094,7249.48109543996,-312069.066443205,-240511.013666277,759093.048138747,1.32271197378667,70.939,92.625,115.52653057,-15.56231458
12500,300.23098543933,7170.0914998815,-312085.316184723,-240491.688018745,759093.048138747,1.32271197378667,70.939,92.625,115.52653057,-15.56231458
13000,299.694952324442,7331.21505007209,-312177.412119016,-240711.607386905,759093.048138747,1.32271197378667,70.939,92.625,115.52653057,-15.56231458
13500,299.044155880715,7084.87230425944,-312137.699320896,-240827.084695281,759093.048138747,1.32271197378667,70.939,92.625,115.52653057,-15.56231458
14000,299.92131413334,6973.65507547885,-312036.992428575,-240517.209046813,759093.048138747,1.32271197378667,70.939,92.625,115.52653057,-15.56231458
14500,300.205046239591,7512.78305372361,-311855.361620737,-240267.918963621,759093.048138747,1.32271197378667,70.939,92.625,115.52653057,-15.56231458
15000,300.722789393107,7394.76005637743,-312018.477922284,-240307.573288836,759093.048138747,1.32271197378667,70.939,92.625,115.52653057,-15.56231458
15500,298.693278897777,6964.49818385127,-311945.971272101,-240719.027411552,759093.048138747,1.32271197378667,70.939,92.625,115.52653057,-15.56231458
16000,300.043240924284,7358.83154487997,-312262.572225538,-240713.713958912,759093.048138747,1.32271197378667,70.939,92.625,115.52653057,-15.56231458
16500,299.274201792596,7269.7583769628,-311766.870518313,-240401.398725134,759093.048138747,1.32271197378667,70.939,92.625,115.52653057,-15.56231458
17000,300.982762611605,7387.20715013663,-312066.847391323,-240293.949070211,759093.048138747,1.32271197378667,70.939,92.625,115.52653057,-15.56231458
17500,300.047044291436,7755.14439794323,-312066.657509998,-240516.892285506,759093.048138747,1.32271197378667,70.939,92.625,115.52653057,-15.56231458
18000,299.546685893167,7407.46625192169,-312117.334063813,-240686.885215221,759093.048138747,1.32271197378667,70.939,92.625,115.52653057,-15.56231458
18500,299.575899795118,6738.08194263182,-312146.388656828,-240708.973407914,759093.048138747,1.32271197378667,70.939,92.625,115.52653057,-15.56231458
19000,300.454660966662,7364.63789695065,-312203.275175864,-240556.308935835,759093.048138747,1.32271197378667,70.939,92.625,115.52653057,-15.56231458
19500,300.444918670937,7324.52614047081,-311989.372686496,-240344.729612068,759093.048138747,1.32271197378667,70.939,92.625,115.52653057,-15.56231458
20000,301.151296476731,7459.92500005184,-312159.771770174,-240346.684556316,759093.048138747,1.32271197378667,70.939,92.625,115.52653057,-15.56231458
20500,299.091975834308,1740.76359117045,-312308.69562747,-240986.677768536,791083.47396645,1.26922315663736,72.4572334809424,93.4879983183417,116.784364778388,-15.3694496754699
21000,299.589576611263,258.178911167177,-311750.988250179,-240310.311602752,798826.15012752,1.25692112586833,73.0821617733323,93.4404903228449,116.978427591302,-14.7839317942707
21500,300.052113556002,-193.154423657245,-311914.923183642,-240363.94913308,798792.594254305,1.25697392691612,73.2689719069082,93.2161396982948,116.956083947592,-14.1971046062077
22000,299.974931723485,-32.5956737486425,-311773.227884346,-240240.658754283,799157.088274665,1.25640062351077,73.335856081612,93.1510726047512,116.984394028098,-13.8582962461583
22500,300.951364062163,-61.5872662289605,-311899.581031637,-240134.170065872,799434.15011503,1.25596518968682,73.3120776495933,93.1779011684447,117.029202414892,-13.7099571197078
23000,298.976555191361,-116.467189008735,-311746.473178993,-240451.97873701,799566.143183628,1.25575785386995,73.2858334142437,93.2503960405782,116.999412248949,-13.6417990831781
23500,301.037159378732,-155.600117448754,-312323.969949191,-240538.100075815,799061.337089136,1.25655117747155,73.2651036356974,93.3481894362905,116.836099667312,-13.487497891463
24000,300.662948954585,-97.7330607864861,-311737.68466605,-240041.049692672,799922.900034424,1.25519779962311,73.1891270744655,93.6568123047252,116.697671465638,-13.351008388791
24500,300.964398653862,-185.146234432683,-311634.233378241,-239865.714159974,800570.378418024,1.25418263160752,73.2724567987462,93.7317460486466,116.56604359383,-13.2565786075531
25000,298.813928813307,508.707106501465,-311668.340153623,-240412.625894249,798587.095472336,1.25729738144276,73.1678407162268,93.5218004502407,116.704926744328,-13.3487436499974
25500,300.265275064926,-23.8791839492202,-311910.266496479,-240308.461563865,800825.956297187,1.2537823681863,73.2909868938629,93.3536421388535,117.045926831073,-13.5363348369656
26000,299.586088927269,337.731977534218,-312153.335747485,-240713.490779542,798515.162641397,1.25741064286121,73.260029559453,93.1819703721432,116.972612066103,-13.6184938338644
26500,301.246648127745,-52.2466531268564,-311844.098079677,-240008.273137273,800918.383053447,1.25363768048803,73.2771454790983,93.3916139327941,117.033943304181,-13.5884717708376
27000,299.794855356972,-35.5557273646703,-312033.567451369,-240543.939659978,799831.671824259,1.25534096655772,73.2613588150435,93.4872659573231,116.780725482049,-13.45364014851
27500,300.225143875735,207.227918914264,-312300.932451183,-240708.69727511,800499.719970121,1.25429333570388,73.2194212383777,93.7212394857329,116.65325702152,-13.4012029095566
28000,298.637795698786,-89.0084185828281,-312166.708983278,-240952.995747518,800677.703397835,1.25401451761478,73.2858773636564,93.6259790296676,116.691996747682,-13.1839465373833
28500,300.315622924979,-5.84331349156881,-311965.47787012,-240351.666895004,800153.077079391,1.25483672156362,73.1858788140233,93.4499338237195,116.994861959739,-13.4333557247639
29000,300.841139235682,-23.7928555271594,-312063.322609379,-240324.196056697,799709.121181635,1.25553334005715,73.2825196524024,93.2779289731101,116.991083002163,-13.7030972581499
29500,300.332435166454,-274.553551342958,-311943.024668858,-240325.204615988,800459.063847321,1.25435704252686,73.3150913069289,93.3115463131332,117.00660019801,-13.5592819117191
30000,299.251362415145,363.616741749351,-312162.966793996,-240802.941320404,799073.222756003,1.25653248713345,73.1897608025896,93.4292034767504,116.856696129845,-13.390190561268
30500,301.64741203676,126.674784731034,-312017.980507272,-240086.588672456,801071.683214713,1.25339777329543,73.2695639098224,93.6613642809942,116.731292469924,-13.4012858569497
31000,299.337801126006,163.016525442489,-311964.545237701,-240583.907431523,800048.967620247,1.25500001203418,73.1838715364907,93.6399481615044,116.745466245958,-13.4292655460223
31500,299.058755267395,129.514781427462,-312089.301492181,-240775.205470201,800288.113664641,1.25462498673583,73.2815511358321,93.3781996144842,116.951613257365,-13.3177715770011
32000,300.87520915951,433.69337949905,-311828.385080707,-240081.134151873,800612.078283836,1.25411730752753,73.2981974024895,93.2626005369457,117.117372959944,-13.6119814000829
32500,299.572724493137,-55.1554585216225,-311856.293906366,-240419.635845752,800272.105211168,1.25465008395663,73.2896898974774,93.2549408695397,117.090846024859,-13.6987703402439
33000,300.784036286576,361.065393427034,-312108.490455512,-240382.980776183,800280.799592761,1.25463645323277,73.2960914589816,93.4580906024796,116.827390738535,-13.5426313313094
33500,300.203775243635,63.9182410588662,-312008.787454202,-240421.647881099,801063.24764864,1.25341097215303,73.2013143711471,93.6670349644071,116.831823462478,-13.2998918104977
34000,300.331408199462,-204.068817387498,-311812.337869226,-240194.762708777,800122.153023829,1.25488521995896,73.2240756241824,93.6092652996679,116.730288897737,-13.390472979419
34500,300.45432800988,-151.857085618533,-311868.782307076,-240221.895464529,800480.534946587,1.25432339720583,73.252010028244,93.4817282945905,116.897304370636,-13.5889951473331
35000,300.236561560887,42.8186220170581,-311956.078561556,-240361.120703465,800368.614516363,1.25449879690506,73.3078759900091,93.2551073552856,117.075706454954,-13.5943819814494
35500,299.109288785435,-162.395337337238,-312051.86177698,-240725.715440156,800600.768727894,1.25413502361075,73.3358413702941,93.2725047775325,117.043172284749,-13.5755800877396
36000,300.888469755161,-349.862235623237,-312148.965519837,-240398.552445187,801686.00254531,1.25243731436436,73.2311806911099,93.5324434179423,117.043145482886,-13.5943441119606
36500,298.661726153108,177.089652935063,-312131.216182328,-240911.7964468,799565.693099249,1.25575856074995,73.2602345756229,93.4676894353703,116.768133934508,-13.5245147789376
37000,299.513666862525,329.753584734062,-311735.549034862,-240312.973964517,801851.946668299,1.25217812111479,73.3027460088462,93.4764149331509,117.023180147116,-13.4803408462543
37500,297.745822954279,-231.924684402675,-311862.024788686,-240861.012999816,799679.482235277,1.25557987455771,73.214160094344,93.2828063783327,117.089854275866,-13.5407985237647
38000,300.241384012685,-77.0049080754593,-312158.732373925,-240562.624545186,800216.279345346,1.25473761270236,73.3361306625116,93.306422030171,116.943975636809,-13.7152274381828
38500,301.081967183405,-40.9242925781411,-312085.173467949,-240288.618643777,800734.660807488,1.25392531775609,73.2344060101211,93.4775364863511,116.967768894216,-13.561124141383
39000,299.538698369995,92.2673871917867,-312214.638207953,-240786.0940787,800990.073170338,1.2535254775596,73.2747836182335,93.5810249681994,116.811282340651,-13.3334806420045
39500,298.748770266717,200.023520079679,-311668.33303608,-240428.156602523,799375.829222052,1.2560568224442,73.1919296365385,93.6715807147201,116.595010591979,-13.3947383134705
40000,300.895875262755,44.9660121091713,-311945.385158485,-240193.206152993,801649.141646084,1.25249490310641,73.2446759336156,93.7172807456462,116.785410392939,-13.4367182002894
40500,301.008871056698,-163.497545949961,-311741.360267057,-239962.236078529,800190.35601229,1.25477826175641,73.2456490207617,93.42263374201,116.938999740709,-13.2879038533511
41000,299.996918278644,175.917847396357,-311668.166858296,-240130.354774204,801571.645173926,1.25261599513476,73.3072345646137,93.4144748574715,117.052672239457,-13.5431682653935
41500,299.338511858872,232.535372222335,-311900.847628926,-240520.040340093,800014.421149892,1.25505420583315,73.2733723413195,93.4024493427518,116.894309679639,-13.6908711238478
42000,299.683631201134,28.8341305982642,-312016.979734965,-240553.874658558,800946.054788005,1.25359436879566,73.2608855093707,93.5223496000809,116.900318271716,-13.4602455887279
42500,300.936493964352,-317.337879677555,-311653.635248702,-239891.770233572,800854.616826746,1.25373749853597,73.1909387721506,93.6578297424675,116.82943488195,-13.2288563385686
43000,300.380333249776,-372.342651989011,-311544.134548293,-239914.892631147,801144.489152322,1.25328386774991,73.2004337542962,93.7972893040063,116.682817537465,-13.2346826047995
43500,300.379457141013,-84.6414468911511,-311820.301354724,-240191.268356071,802202.524880503,1.25163089475555,73.2460681564603,93.8631756990024,116.682161065418,-13.3902147754676
44000,300.189811567305,-505.418981206905,-312046.133901647,-240462.32413226,800740.020721405,1.2539169243555,73.2748648395318,93.4627973768102,116.922403269414,-13.3898539145479
44500,300.277137769115,-31.2830049523266,-312017.059354823,-240412.42562014,801035.90376641,1.25345375815282,73.2500110373101,93.3716815386911,117.119472514923,-13.5697060373765
45000,301.18612493557,-49.1839393050059,-311899.724355294,-240078.331883642,800794.198196564,1.25383209100734,73.3083074665709,93.3447946247001,117.024722724516,-13.6289112905267
45500,300.449340424246,-83.6781929619677,-311886.379642679,-240240.682148896,801068.671518681,1.25340248556697,73.2554070975454,93.5585114565017,116.881764131588,-13.3703841424003
46000,299.113209473414,-416.743757378253,-311831.134209945,-240504.052938717,802152.474122438,1.25170899097431,73.2602347820821,93.8696204265071,116.644310280026,-13.1747594111246
46500,298.983246576086,151.55851785157,-312189.368215244,-240893.27813346,800609.621478936,1.25412115599683,73.2119712095579,93.8032508185211,116.579131441516,-13.2179534744625
47000,299.747911684227,-320.423924451204,-311823.548643399,-240345.115125798,800732.970588253,1.25392796459189,73.2193344549237,93.5799416606811,116.863574017004,-13.4175227716777
47500,300.476193076102,-178.459726782508,-311880.925457483,-240228.824631381,801302.546719819,1.25303665650575,73.3385489556662,93.3456970648437,117.049592725417,-13.6532715859083
48000,299.292771085814,281.011391999955,-311733.89857383,-240363.998713135,800300.182197087,1.2546060669821,73.2297362777083,93.3113776078386,117.119940867572,-13.6200375174934
48500,298.391936504177,56.6539278943669,-312389.270805421,-241234.185601455,800987.160648349,1.25353003558586,73.3531608220845,93.4095210261787,116.90028688271,-13.4608963532469
49000,299.546697568162,-414.016904674311,-311807.915474009,-240377.463841377,801889.06334048,1.25212016211901,73.2660346728223,93.6545295384254,116.864556861075,-13.4059616025085
49500,299.792494053401,-128.096182572912,-312093.632375443,-240604.567664806,801237.768294178,1.25313796194228,73.2237911352382,93.6762797105582,116.809877200302,-13.4200448236404
50000,301.252866673606,-313.901375266177,-311599.191888414,-239761.884060227,801476.696565086,1.25276438890174,73.3283041331029,93.5424132584096,116.845149462991,-13.3460903781722
50500,301.094213279817,378.763107476896,-311662.970121675,-239863.495071026,800606.772008347,1.25412561958804,73.2135879875624,93.4162839549375,117.059046183963,-13.5605591555237
51000,301.324579235145,133.494772310233,-312021.719271764,-240167.310735407,801037.154616487,1.25345180083695,73.3175480760714,93.2877107416994,117.11709517119,-13.7382524766692
51500,299.840397758632,-244.652531798857,-312100.757330484,-240600.269414961,800803.321414732,1.25381780662139,73.3119077167633,93.2749856338901,117.107889457518,-13.5330109348851
52000,300.56669731807,133.523716062605,-312397.076211656,-240723.393579008,800948.308138513,1.2535908419919,73.1568455386067,93.585684706977,116.98767108342,-13.3923195421239
52500,299.394001281176,343.498980120765,-311966.926735661,-240572.887338018,801017.580048483,1.25348243159728,73.276286702362,93.701105233428,116.663198993557,-13.3333585461978
53000,300.78008094726,509.54875154703,-312006.612762357,-240282.046280453,800575.774893067,1.25417417748552,73.2227503581948,93.6658297271455,116.728047762795,-13.3142824059518
53500,299.765325630906,-396.490920420749,-311789.511272332,-240306.925193257,800787.387706223,1.25384275452612,73.2342917360841,93.4760544946893,116.977508093032,-13.3906351922823
54000,300.632156208419,-185.772461814424,-312114.331024072,-240425.038945087,800833.836578652,1.25377003084801,73.348332518272,93.2092804541023,117.136707869514,-13.6703637004806
54500,298.902654326815,92.4063176513728,-312074.597242906,-240797.725335818,800544.979691576,1.25422242280275,73.2529363377263,93.2462101083401,117.200512534262,-13.7821269079766
55000,300.2930121953,-395.988084394091,-312139.259163636,-240530.839984343,802187.844193849,1.2516538006137,73.3605158747945,93.4922074534618,116.960249477671,-13.4192025294192
55500,300.117732262039,226.491582625635,-312045.038933782,-240478.417326943,800305.76367843,1.25459731712589,73.1978620648771,93.6600577833229,116.735548084888,-13.2623754824076
56000,299.075180892071,87.5185627262872,-311476.099271305,-240158.086364917,801329.279199963,1.25299485499118,73.2457667936971,93.7258728201325,116.726372192897,-13.4372693657607
56500,301.825392833199,-240.412315834734,-311663.388735634,-239689.555275607,800740.783484213,1.25391572991004,73.3639422121846,93.4873794549775,116.749842213265,-13.5181957364378
57000,300.691467587248,40.4497843307471,-312078.501882824,-240375.066304307,800126.840842819,1.2548778677812,73.1874899668462,93.311296117962,117.162266518016,-13.5160198077564
57500,298.627819772024,-50.315992538017,-311999.143529159,-240787.809171082,800340.274908616,1.2545432180156,73.3217512619908,93.2882113379469,117.007870799716,-13.667382529295
58000,299.683203733422,280.483141130288,-311995.903747136,-240532.900605459,800721.601444652,1.25394576864147,73.2663259752223,93.4871070484233,116.902933746522,-13.5622118069684
58500,299.122576095232,-247.186925477842,-311673.326107166,-240344.011254222,801511.656308106,1.25270974675055,73.1673958828593,93.7132792834035,116.893700987706,-13.2972587120586
59000,301.409671104746,-515.317730573425,-311677.736971652,-239803.037272931,801251.882419285,1.2531158878026,73.3169726625454,93.6244104171913,116.728107078187,-13.2346665044837
59500,300.732249561678,-225.033465295177,-311594.858667042,-239881.698144549,801796.107246409,1.25226532645509,73.272720251101,93.6226153084733,116.880176722228,-13.6346937133881
60000,298.949629854539,-187.785200990319,-311630.345346857,-240342.271569783,801342.548222702,1.25297410728814,73.309222234444,93.377289316975,117.062643826795,-13.6267289485966
60500,299.499734079359,-126.880028461052,-311998.420911647,-240579.168278178,799642.771468689,1.25563751692172,73.2689138873031,93.2353684990563,117.056509642097,-13.4354520320779
61000,300.021608080254,37.2267031713132,-311466.499380083,-239922.799720885,800874.609369115,1.25370620100229,73.262485926477,93.4187238612202,117.016995710503,-13.6050862818626
61500,301.301077957502,-275.578229108663,-311869.772652591,-240020.968273747,800163.311224259,1.25482067211395,73.2809929989656,93.4227037580167,116.878561188461,-13.5406814815939
62000,300.494325790612,-97.1270872360533,-311707.79764538,-240051.372859116,802494.9264576,1.25117484346413,73.289737720849,93.616009601055,116.963135611805,-13.2659272794933
62500,300.581909933708,-192.808039030508,-312031.7036232,-240354.393362491,800971.464224427,1.25355460067927,73.2299921287188,93.69558145485,116.737112242099,-13.3239165742835
63000,298.875298214977,-36.4288395782699,-312239.04309892,-240968.694580136,800243.338315195,1.25469518572346,73.2634714430225,93.5972391012786,116.700182782731,-13.4786129097043
63500,299.867865363119,-42.3601092343145,-311658.578556213,-240151.540665645,801624.788524614,1.25253295352719,73.2875238021615,93.4308426143707,117.071403402414,-13.4588401916877
64000,300.236975557809,189.647649140426,-312162.071872951,-240567.015292399,799630.242297119,1.25565719113743,73.30130385152,93.15209457817,117.107547641013,-13.6203865171577
64500,299.868821030308,144.480479806276,-311929.637673281,-240422.371892573,801216.277788948,1.25317157405011,73.2960763653412,93.3265564523155,117.128827394177,-13.7953957034928
65000,301.373875184195,-55.9689095050837,-312163.871795201,-240297.708056957,801481.410086663,1.25275702137967,73.3041736253285,93.4221022450061,117.034826471576,-13.5926949153848
65500,299.884423599332,27.7460045986033,-311737.548741348,-240226.562343584,800309.613436499,1.25459128209137,73.2671730883127,93.4992271201075,116.826287945625,-13.4379228917624
66000,300.542612602487,337.542157557883,-311556.040741585,-239888.101394125,801199.417362641,1.25319794577045,73.2076957944797,93.708457093474,116.789849776164,-13.3548372622406
66500,301.180313177071,-4.05871898551481,-311777.174622014,-239957.16803289,801004.853573537,1.25350234709803,73.2362843013738,93.7100550074201,116.713919250224,-13.3035561615784
67000,302.173950034491,-40.8599546406248,-312048.587446242,-239991.636400509,799927.507720843,1.25519056952063,73.2498420561722,93.5391600915259,116.748275131983,-13.5929491053613
67500,300.246160604595,-362.517014532889,-311524.077570501,-239926.830706947,801573.474190742,1.25261313693674,73.2939546326218,93.3622974805792,117.139577048192,-13.6755377514254
68000,299.71261078542,69.5918060507263,-311991.736348121,-240521.72074721,800412.639556949,1.25442979579523,73.294026678261,93.2473663926916,117.113991086963,-13.5612649122546
68500,299.765705780058,469.256969669801,-312104.21036655,-240621.533636415,801302.557789831,1.25303663919502,73.3036490303189,93.4646573526542,116.956272008062,-13.5525236149567
69000,298.102538576601,-258.920632539901,-311856.967162988,-240770.892316459,801329.705464101,1.25299418846557,73.2610759419698,93.6748627851103,116.765591645958,-13.4413360508105
69500,299.677717618832,38.626594266358,-312315.160379425,-240853.465466635,800912.34381374,1.25364713348063,73.2671899014947,93.6694622736036,116.701765215503,-13.2411836593326
70000,300.962887972313,66.2005046637199,-312044.094863608,-240275.935885218,801388.87756094,1.25290167121766,73.2038123678373,93.6977938910621,116.836959288722,-13.3842114488259
70500,299.199340407914,213.211915881931,-311801.076243414,-240453.456032512,800749.593446523,1.25390193414866,73.2974158961754,93.4977309005864,116.844154928968,-13.5164570541892
71000,301.305916603359,225.91537550029,-312195.004536427,-240345.046325271,800832.176020504,1.25377263059125,73.2943290303325,93.3520363093908,117.043512016526,-13.5553475516569
71500,299.793927307778,38.5817907959529,-311537.065765597,-240047.659278509,801012.288154087,1.25349071273948,73.2700439061013,93.2949136561688,117.180341588113,-13.635632521129
72000,301.350002618874,-4.38844189649958,-311686.886879056,-239826.415836263,800647.49791459,1.25406182696702,73.3240866276064,93.2873708046384,117.050112591434,-13.5784762033279
72500,299.251970505665,-465.96983806491,-311436.426535093,-240076.256055127,801630.01277243,1.25252479073084,73.2511912509956,93.6397470637926,116.868923832042,-13.4494930326961
73000,299.509614176393,-150.444301004694,-311883.7161346,-240462.107475179,801905.261592348,1.25209486965776,73.2400349252331,93.7566478280139,116.781069728036,-13.3574497592797
73500,299.681933914727,410.60010985302,-311702.91171407,-240240.211375674,800491.17092888,1.25430673123633,73.2729408988195,93.5929678834156,116.726564668083,-13.3737060485954
74000,301.44992377785,-305.945013085303,-311772.701454406,-239888.403029868,802014.549288104,1.25192425110316,73.258229627547,93.5452988207305,117.031793611473,-13.587414855721
74500,300.908584023427,356.985291672404,-311393.278762011,-239638.069202278,801310.000178691,1.25302500126972,73.3089084083836,93.358565718882,117.081866950249,-13.5918399416151
75000,299.463032681053,-409.706046030541,-312132.712932077,-240722.212180961,801158.797382957,1.25326148482821,73.280074027592,93.376696862105,117.083096465997,-13.5707234631004
75500,299.742695795167,-640.663460956358,-311999.46853789,-240522.278810704,802021.353791527,1.25191362953702,73.2606540326244,93.6804977045454,116.860018474086,-13.3628118438103
76000,301.000809802428,369.215373788805,-312363.604148678,-240586.40226154,801176.843436107,1.25323325582539,73.2300679962831,93.7430758270004,116.707764873177,-13.2212781326506
76500,300.049669094169,162.602635982395,-312029.26311909,-240478.871979354,800796.922940091,1.25382782479355,73.2258855909962,93.7267795770295,116.679367956194,-13.3628838334099
77000,299.76508356336,-303.515010986298,-311887.897178244,-240405.368823038,801831.413270399,1.25221018704682,73.3088525745379,93.4838762662025,117.001096712419,-13.5084265577951
77500,299.504547884499,103.788914955871,-312121.62684811,-240701.226305891,799570.909444871,1.25575036826746,73.2551385077543,93.2179168447868,117.089916860102,-13.665427147653
78000,298.401561059283,192.979451054429,-311863.750239759,-240706.369946835,801904.479180206,1.25209609131727,73.3520857418376,93.3526139811016,117.10722467142,-13.6784821391465
78500,300.830835421484,-215.240784614701,-312104.447754983,-240367.77826862,800426.813931493,1.25440758169963,73.2463978507386,93.591347429625,116.761497806946,-13.5150980804899
79000,300.074905385674,145.117291822291,-311445.694985639,-239889.28595382,801581.10652731,1.25260121005252,73.2475174725006,93.7330600144966,116.751311258977,-13.2861699079655
79500,302.198330914654,483.613148322261,-311951.37418257,-239888.609227702,801028.630059098,1.25346514008777,73.2551943451886,93.649579034713,116.762607348442,-13.3672840131548
80000,300.51260923404,-613.008538903105,-311875.753727495,-240214.969037977,801509.529439805,1.25271307091396,73.2660272196364,93.4521272519126,117.062246851913,-13.5559924044659
80500,299.180607773817,-263.227645727309,-311619.594480685,-240276.441287864,801090.841014779,1.25336779873735,73.310119730861,93.3058470461483,117.114044045674,-13.6677111626494
81000,298.871475511726,213.833009454539,-311945.005298583,-240675.568348586,801418.513379212,1.25285533991183,73.2569540342559,93.380377043942,117.153398216487,-13.5426534726094
81500,299.489969048054,-560.065529540994,-312009.177235446,-240592.253189146,801368.024478091,1.25293427404377,73.3007455409434,93.6197281953817,116.776711688559,-13.3822460872705
82000,299.435443459101,-437.678913552518,-311978.386009594,-240574.464234645,801246.84509091,1.2531237659693,73.2202890528665,93.719847026253,116.762483152917,-13.423998097663
82500,301.500444452454,572.020912063,-311653.295190722,-239756.949514009,801158.319425856,1.25326223250218,73.2417882038934,93.5785677827784,116.891522075661,-13.3700544502993
83000,300.803530103599,339.930346537656,-311758.165037363,-240028.006826886,800383.991540475,1.25447469540071,73.2773428524972,93.3548551745739,117.001592092634,-13.5001196875641
83500,299.816964370591,-276.258318421953,-311806.318492824,-240311.418545737,801478.438588026,1.25276166600341,73.3078636214139,93.3292083568262,117.144984205982,-13.8038915623223
84000,298.100709497056,245.098590161996,-311803.774930059,-240718.136249173,799875.425510878,1.25527229862082,73.2848843570688,93.2672425757124,117.025043220781,-13.5831711088998
84500,298.968301512183,352.060168462802,-311824.880814939,-240532.354560341,801539.701916157,1.25266591485243,73.2849784198137,93.5638113822018,116.896678058328,-13.3419701704428
85000,301.12418922519,-187.102868112602,-312096.580307878,-240289.957138644,802112.991123638,1.2517706047683,73.2125266626001,93.7675870597186,116.841578277918,-13.3270069871505
85500,301.194472561404,359.620699140253,-312018.060133983,-240194.677072255,800680.435937433,1.25401023794942,73.299714886761,93.5600173489463,116.752620735121,-13.4292196585638
86000,299.110845256857,452.468661101249,-311627.634275272,-240301.116779434,800706.487800029,1.25396943735281,73.2037107397632,93.3576315966533,117.162984422528,-13.5326812046861
86500,299.378737568975,-128.422690020496,-312334.656390893,-240944.256805889,800634.053889605,1.25408288482542,73.327757943774,93.2095370395424,117.140021960645,-13.6661282013844
87000,300.007215077622,23.4880200604351,-311323.963956444,-239783.696478895,801663.232888839,1.25247288736587,73.3195587501969,93.4307185727401,117.026019729889,-13.7651005256081
87500,299.560097016521,181.869459402618,-311878.367094282,-240444.720204765,801011.86381875,1.25349137677509,73.1683913122178,93.6211658935957,116.934159011169,-13.3661140955097
88000,300.349726150519,-41.7087388303782,-311996.625103046,-240374.681810592,801496.191443567,1.25273391777812,73.27803857084,93.7040692605224,116.726422616621,-13.2144141384704
88500,300.894393331483,1.9584962240344,-311920.658792572,-240168.833171112,801804.067733392,1.25225289368974,73.156690927952,93.7856208249114,116.863245863201,-13.3857834019419
89000,299.293068900584,25.7949014752466,-312349.141351564,-240979.170473416,800793.814919905,1.25383269111759,73.3280742923808,93.4011246031148,116.922562480127,-13.4559727537298
89500,299.691260271172,-73.3173236694295,-311544.440721209,-240079.516402851,801605.357290949,1.25256331542569,73.3076210859915,93.3569977766685,117.129046429552,-13.5861824850791
90000,300.05777587531,56.4644954233058,-311611.818363333,-240059.494065785,801539.925100854,1.252665566054,73.31308152476,93.4007936177006,117.055848916441,-13.6508095856614
90500,301.008465541817,346.019737848205,-311816.13753978,-240037.110051069,800484.537512852,1.25431712536387,73.2676303734571,93.4711323157719,116.886215585075,-13.5178161301885
91000,298.784649743709,-69.6068089849645,-311625.627995965,-240376.895676909,801931.70054345,1.25205358924072,73.2126414107338,93.6641908831375,116.943939502373,-13.2868913843204
91500,300.171114837627,-25.258389001074,-312236.145709135,-240656.794395995,799790.370482191,1.25540579262789,73.2633384659349,93.5479840040538,116.695748363471,-13.3598070265116
92000,300.523705442475,161.304835737878,-311818.075340994,-240154.644629382,801654.522363296,1.25248649634178,73.2514357038675,93.6129854237269,116.905517887796,-13.6117624972676
92500,299.533520880899,133.117363284297,-311703.524639865,-240276.215144101,800781.947614951,1.25385127247416,73.3405180070403,93.4012400276128,116.900847286156,-13.4850943938529
93000,300.437583470282,-8.25522906115131,-311986.357239224,-240343.463330118,801253.275115989,1.25311370970184,73.2720648954569,93.4530454733326,117.014027670722,-13.5161352872655
93500,298.606192855377,-45.9639822267307,-311756.51054398,-240550.333379877,801760.590839182,1.25232079933041,73.2693232916064,93.5756530075494,116.939076160806,-13.5811469784696
94000,299.631686312155,138.469814918361,-312293.437743131,-240842.719539655,800544.907735368,1.25422253553732,73.2842009433107,93.5350636878141,116.788719341268,-13.2830382286986
94500,298.90061560229,56.2377227753849,-311831.529964505,-240555.144215384,802509.825934337,1.25115161402834,73.1773203765734,93.7662703003503,116.957267888803,-13.2898872185959
95000,299.250037352705,-188.346807231198,-311742.672273668,-240382.962776882,801514.341603732,1.25270554982502,73.2904839323762,93.6869136729807,116.730615664803,-13.4418994130672
95500,299.876837985036,97.3021410257568,-311934.607332101,-240425.429813752,800750.538132697,1.25390045485671,73.2579795946426,93.5667978882722,116.820896637451,-13.4527995579023
96000,299.975992582552,496.075567377338,-311814.593491186,-240281.771386735,801127.390098999,1.25331061751274,73.2144371065977,93.5163858689062,117.008426269608,-13.4169774803804
96500,300.269830387043,-130.439888149784,-311365.895494861,-239763.00429183,801140.419811211,1.25329023372451,73.2860111387637,93.4701091860209,116.953927155813,-13.5277800620891
97000,300.106188501845,13.0186454379204,-311922.126465073,-240358.257604336,799881.105375822,1.2552633850747,73.3023237120112,93.4587067411197,116.758344582193,-13.7069695913597
97500,299.287854370228,59.2073192163856,-311816.186139896,-240447.458728164,802246.319675034,1.25156256796299,73.2549103048728,93.5591936275811,117.053531930041,-13.4173250023286
98000,301.364850154265,10.5704735379595,-312378.933401305,-240514.921788153,800821.734922965,1.25378897725338,73.2663169377975,93.4742975539568,116.9335894577,-13.3177626744118
98500,300.691756474171,60.6749483277449,-312251.074715766,-240547.570248746,801666.475307662,1.25246782161623,73.2837153234371,93.6018100621638,116.869718014618,-13.5534746092655
99000,303.016829723381,-202.815369564077,-311728.279516731,-239470.333843655,802457.553735076,1.25123311422255,73.2862790455484,93.6317834448605,116.943503852653,-13.4676927266356
99500,300.059966330689,-167.661807782491,-312240.264846812,-240687.418209281,800138.785721066,1.25485913432694,73.2313954940124,93.4874666692444,116.873115516565,-13.3224873724145
100000,300.643893559435,-244.412746896786,-311776.504264841,-240084.413275733,801887.84144986,1.252122070059,73.2881376372023,93.5617313438334,116.945009383741,-13.4677029919238
